Title,Author,Rating,Price
"World’s Greatest Classics (Box Set of 4 Books),The Art of War (Hindi),Rich Dad Poor Dad: What the Rich Teach Their Kids About Money That the Poor and Middle Class Do Not!,Norwegian Wood + Desire: Vintage Minis,The Power of Your Subconscious Mind,Life's Amazing Secrets: How to Find Balance and Purpose in Your Life | Inspirational Zen book on motivation, self-development & healthy living,Ghosts of The Silent Hills: Stories based on true hauntings,Grandma's Bag of Stories: Collection of 20+ Illustrated short stories, traditional Indian folk tales for all ages for children of all ages by Sudha Murty,The Psychology of Money,Mindf**ked : When It’s 4 a.m. and You Can’t Stop Overthinking (Hinglish Edition),World’s Greatest Books For Personal Growth & Wealth (Set of 4 Books): Perfect Motivational Gift Set,2022 UPDATED Sank Magic Practice Copybook, (4 BOOK + 1 PEN + 10 REFILL) Number Tracing Book for Preschoolers with Pen, Magic calligraphy books for kids Reusable Writing Tool (19*13 cm),My First Book of Pencil Control : Practice Pattern Writing (Full Color Pages): Patterns Practice book for kids (Pattern Writing),Three Thousand Stitches: Ordinary People, Extraordinary Lives,The Richest Man in Babylon,Memory: How To Develop, Train, And Use It,My First 1000 Words: Early Learning Picture Book to Learn Alphabet, Numbers, Shapes and Colours, Transport, Birds and Animals, Professions, Opposite ... Parts of the body and Objects Around Us.,My First Mythology Tale (Illustrated) (Set of 5 Books) - Mahabharata, Krishna, Hanuman, Ganesha, Ramayana - Story Book for Kids - English Short Stories with Colourful Pictures - Read Aloud to Infants, Toddlers,My First Library: Boxset of 10 Board Books for Kids,Spirituality For Leadership & Success (Box-Set of 5 Books): Gita, Vedanta, Hinduism, Buddha, Vivekananda,The Carpenter: A Story About the Greatest Success Strategies of All (Jon Gordon),The Richest Man in Babylon","Jane Austen F. Scott Fitzgerald, Oscar Wilde, Emily Brontë,Sun Tzu,Robert T. Kiyosaki,Joseph Murphy,Gaur Gopal Das,Anita Krishan,Sudha Murty,Morgan Housel,Anubhav Agrawal,Dale Carnegie,, ,Napoleon Hill,, et al.,SHNMN,Wonder House Books,Sudha Murty,George S. Clason,William Walker Atkinson,Wonder House Books,Maple Press,Wonder House Books,Vivekananda,Jon Gordon, and ,Ken Blanchard,George S. Clason","4.6 out of 5 stars,4.1 out of 5 stars,4.6 out of 5 stars,4.5 out of 5 stars,4.6 out of 5 stars,4.4 out of 5 stars,4.6 out of 5 stars,4.6 out of 5 stars,4.7 out of 5 stars,4.5 out of 5 stars,4.7 out of 5 stars,4.4 out of 5 stars,4.6 out of 5 stars,4.5 out of 5 stars,4.2 out of 5 stars,4.5 out of 5 stars,4.4 out of 5 stars,4.5 out of 5 stars,4.7 out of 5 stars,4.8 out of 5 stars,4.5 out of 5 stars","399,79,383,680,110,162,199,171,315,195,299,335,89,237,99,109,159,163,399,539,246,.,99"
"The 5 AM Club: Own Your Morning, Elevate Your Life,Godaan (Hindi),Writing Practice Boxset: Pack of 4 Books (Writing Fun: Write and Practice Capital Letters, Small Letters, Patterns and Numbers 1 to 10),Wise and Otherwise: A salute to Life,Encyclopedia: Amazing Questions & Answers Science,Harsha: The Fearless Warrior of Thanesar,Little Colouring Books for Kids (Set of 10 Books) - Gift to children for painting, drawing and colouring - Alphabets, Animals, Birds, Flags, Flowers, ... Transport, Vegetables - 3 to 6 years old,ZOQWEID Magic Practice Copybook, (4 BOOK + 2 pen + 10 REFILL) Number Tracing Book for Preschoolers with Pen, Magic Calligraphy Copybook Set Practical Reusable Writing Tool Simple Hand Lettering (19*13 CM),Brain Activity Book for Kids - 200+ Activities for Age 3+,World's Greatest Entrepreneurs: Biographies of Inspirational Personalities For Kids,Animals Tales From Panchtantra: Timeless Stories for Children From Ancient India,The Laws of the Spirit World,Around the World in Eighty Days,Writing Books for Kids (Set of 4 Books) - Learn and Practice - Pattern Writing, Numbers 1-20, ABC Capital Letters, Small Letters - 3 Years to 5 Years Old Children - LKG,Be Your Own Sunshine,Think & Grow Rich,You Can,World’s Greatest Books For Personal Growth & Wealth (Set of 4 Books): Perfect Motivational Gift Set,Trading Chart Breakout Pattern & Candlestick Pattern Pocket Study,Ikigai / इकिगाई : The Japanese secret to a long and happy life in Marathi Book ईकीगाई दीर्घायुषी आणि आनंदी जीवनाचे जपानी रहस्य, ईकिगाई मराठी पुस्तक,Mahabharata complete book in English,One For All Olympiad Class 5 Math (2023),One For All Olympiad Class 5 General Knowledge (2023)","Robin Sharma,Munshi Premchand,Wonder House Books,Sudha Murty,Om Books Editorial Team,Maple Press,ZOQWEID,Maple Press,Wonder House Books,Wonder House Books,Khorshed Bhavnagri,Jules Verne,Maple Press,James Allen,Napoleon Hill,George Matthew Adams,Dale Carnegie,, ,Napoleon Hill,, et al.,Akash Kundur,Ken Mogi, and ,Ulka Raut,Vyasa, and ,Kisari Mohan Ganguly,Oswaal Editorial Board,Oswaal Ediorial Board","4.5 out of 5 stars,4.4 out of 5 stars,4.3 out of 5 stars,4.6 out of 5 stars,4.5 out of 5 stars,4.3 out of 5 stars,4.4 out of 5 stars,4.5 out of 5 stars,4.4 out of 5 stars,4.5 out of 5 stars,4.5 out of 5 stars,4.4 out of 5 stars,4.4 out of 5 stars,4.3 out of 5 stars,4.5 out of 5 stars,4.5 out of 5 stars,4.5 out of 5 stars,4.2 out of 5 stars,4.4 out of 5 stars,5.0 out of 5 stars,4.4 out of 5 stars,4.7 out of 5 stars","227,149,154,197,143,195,329,81,109,169,318,139,110,87,.,99,99,299,199,139,0,259,225"
"The Power of Your Subconscious Mind (DELUXE HARDBOUND EDITION),One For All Olympiad Class 4 General Knowledge (2023),Shadow Jumper: A mystery adventure book for children and teens aged 10-14 (A Shadow Jumper Mystery Adventure 1),Menaka - Dr. Homi Bhabha Balvaidnyanik Competition - Class 6th - English Medium - 2022-23 - The Only Official Book,My First 4 in 1 Alphabet Numbers Colours Shapes: Padded Board Books,One Day, Life Will Change: A story of love and inspiration to win life when it hits you hard . . .,How to Prepare for QUANTITATIVE APTITUDE for CAT |10th Edition | With CAT Practice Tests on Pull Marks,108 Panchatantra Stories (Illustrated) for children,DETECTIVE HELEN CARTER BOOKS 1–3 three gripping crime mysteries box set (Utterly addictive crime thriller and mystery box sets),Dear Stranger, You Deserve To Be Loved (Pre-order now and get an author signed postcard),Gaban (Hindi),The Complete Grimm's Fairy Tales,Picture Books Collection for Early Learning (Set of 12),My First Pencil Control Activity Book- Practice Pattern writing for kids,Sank Magic Practice Copybook, (4 BOOK + 10 REFILL+ 2 pen +2 grip) Number Tracing Book for Preschoolers with Pen, Magic Calligraphy Copybook Set Practical Reusable Writing Tool Simple Hand Lettering,Rich Dad Poor Dad - 20Th Anniversary Edition - Hindi,My First Little Librarian: Boxset of 12 Best Board Books for Kids,Basics of Stock Market | Complete Guide for Stock Beginners | Hindi Edition| Arvind Arora | A2Motivation,My First Animal Sticker Book: Exciting Sticker Book With 100 Stickers,101 Panchatantra Stories for Children: Colourful Illustrated Stories,War & Peace,25 Greatest Speeches Of Vivekananda","Dr. Joseph Murphy,Oswaal Ediorial Board,J M Forster,The Greater Bombay Science Teachers Association,, ,Shubhada Chaukar,, et al.,Wonder House Books,Saranya Umakanthan,ARUN SHARMA,Maple Press,JODIE LAWRANCE,Ashish Bagrecha,Munshi Premchand,Jacob Grimm, and ,Wilhelm Grimm,E C Axus,Anjie Chatt,QSHIXLE,Robert T. Kiyosaki,THE BOOK TREE,Arvind Arora,Wonder House Books,Om Books Editorial Team,Leo Tolstoy,Swami Vivekananda","4.5 out of 5 stars,4.4 out of 5 stars,4.6 out of 5 stars,4.3 out of 5 stars,4.4 out of 5 stars,3.7 out of 5 stars,4.4 out of 5 stars,4.1 out of 5 stars,4.5 out of 5 stars,4.5 out of 5 stars,4.3 out of 5 stars,4.5 out of 5 stars,4.6 out of 5 stars,4.5 out of 5 stars,4.4 out of 5 stars,3.5 out of 5 stars,4.4 out of 5 stars,4.5 out of 5 stars,4.3 out of 5 stars,4.6 out of 5 stars","329,237,0,250,159,129,714,120,0,239,149,219,225,101,329,265,399,233,159,150,369,219"
"A Naturalist’s Guide to the Mammals of India,My First Fun Activity Boxset of 4 Books: Spot the Difference, Mazes, Word Search & Dot to Dot,World’s Greatest Classics (Box Set of 4 Books),My First Experiences Sticker Book,Brijbhoomi Books And Handicrafts® Bhagavad Gita: Yatharoop,Colour With Crayons Book 1 for Kids Age 1 -6 Years - Drawing and Colouring Book for Early Learners,The Magic of the Lost Temple: Illustrated, easy to read and much-loved first full length children’s fiction novel by Sudha Murty for ages 8–12: ... fiction novel by Sudha Murty for ages 8–12,Moral Stories for Children -Set of 10 Illustrated Books (Packed in a Gift Box),Legacy of the Lost: A Treasure-hunting Science Fiction Adventure (Atlantis Legacy Book 1),How to Prepare for VERBAL ABILITY & READING COMPREHENSION for CAT | 10th Edition | With CAT Practice Tests on Pull Marks | VARC,How To Be Rich (Hindi),Learn to Win Arguments and Succeed -20 Powerful Techniques to Never Lose an Argument again, with Real-Life Examples. A life Skill for everyone.,Best of Children’s Classics (Set of 5 Books): Perfect Gift Set for Kids,My First Shapes and Colours Sticker Book: Exciting Sticker Book With 100 Stickers,Arthashastra,Irrfan: Dialogues with the Wind,The 5 AM Club: Own Your Morning, Elevate Your Life,Nursery Rhymes Board Book (My First Book Series): Illustrated Classic Nursery Rhymes,Why I am an Atheist and Other Works,How to Stop Worrying and Start Living: Time-Tested Methods for Conquering Worry,World's Greatest Short Stories (Deluxe Hardbound Edition),Death of a Salesman","Bikram Grewal, and ,Rohit Chakravarty,Wonder House Books,Jane Austen F. Scott Fitzgerald, Oscar Wilde, Emily Brontë,Wonder House Books,Brijbhoomi Books And Handicrafts,Dreamland Publications,Sudha Murty,Om Books Editorial Team,Lindsey Sparks, and ,Lindsey Fairleigh,Arun Sharma, and ,Meenakshi Upadhyay,Edited by Patricia G Horan,Vishal Gupta,Antoine de Saint-Exupéry,, ,J.M. Barrie,, et al.,Wonder House Books,Anup Singh,Robin Sharma,Wonder House Books,Bhagat Singh,Dale Carnegie,Various,Arthur Miller","4.5 out of 5 stars,4.6 out of 5 stars,4.6 out of 5 stars,4.3 out of 5 stars,4.8 out of 5 stars,4.2 out of 5 stars,4.7 out of 5 stars,4.3 out of 5 stars,4.4 out of 5 stars,4.4 out of 5 stars,4.5 out of 5 stars,4.3 out of 5 stars,4.4 out of 5 stars,4.5 out of 5 stars,4.4 out of 5 stars,4.8 out of 5 stars,4.5 out of 5 stars,4.6 out of 5 stars,4.6 out of 5 stars,4.4 out of 5 stars,4.5 out of 5 stars,4.6 out of 5 stars","309,393,399,139,220,70,187,240,49,682,129,290,499,151,219,575,227,149,87,.,149,449,179"
"Pinkfong Baby Shark - Police Sharks To The Rescue : Padded Story Books,Corporate Chanakya, 10th Anniversary Edition-2021: Successful Management the Chanakya Way,The Silent Patient: The record-breaking, multimillion copy Sunday Times bestselling thriller and Richard & Judy book club pick,The Book of Ancient Hindu Black Magic: The Hindu Black magic for love, revenge and destroy the enemy (The Complete course of Hindu White & Black Magic 4),A Place Called Home,Because Life is a Gift: Stories of Hope, Courage and Perseverance,Short Stories From Panchatantra - Volume 1: Abridged Illustrated Stories For Children (With Morals),That Night: Four Friends. Twenty Years. One Haunting Secret.,You Only Live Once: One for Passion Two for Love Three for Friendship,Malgudi Adventures: Classic Tales for Children,Swamy’s Compilation of CCS (Commutation of Pension) Rules,Akbar Aur Birbal Ki Rochak Kathayen - Collection of 10 Books: Illustrated Humorous Hindi Story Book For Kids (Box Set),DO EPIC SHIT,Baby Touch: Animals Tab Book,Cambridge Lower Secondary Mathematics Learner's Book 8 with Digital Access (1 Year) (Cambridge Lower Secondary Maths),Mandala Art: Colouring Books for Adults with Tear Out Sheets (Adult Colouring Book),AN ANTIQUE MURDER an absolutely gripping murder mystery full of twists (The Oldminster Mysteries Book 2),Olympiad Prep-Guide Mathematics Class - 3, IMO Chapterwise Previous Year Question Paper For 2022-23 Exam,The Tiger of Drass: Anuj Nayyar, 23, Kargil Hero,Olympiad Prep-Guide Science Class - 2, NSO Chapterwise Previous Year Question Paper For 2022-23 Exam,Greatest Short Stories For Children,The Complete Grimms' Fairy Tales (Deluxe Hardbound Edition)","Wonder House Books,Radhakrishnan Pillai,Alex Michaelides,Ajit Kumar,Preeti Shenoy,Disha,Wonder House Books,Nidhi Upadhyay,Stuti Changle,Narayan R.K.,Muthuswamy And Brinda,Wonder House Books,Ankur Warikoo,Ladybird,Lynn Byrd,, ,Greg Byrd,, et al.,Wonder House Books,NORMAN RUSSELL,MTG Editorial Board,Meena Nayyar, and ,Himmat Singh Shekhawat,MTG Editorial Board,Various,Jacob Grimm & Wilhelm Grimm","4.5 out of 5 stars,4.4 out of 5 stars,4.5 out of 5 stars,4.2 out of 5 stars,4.6 out of 5 stars,4.3 out of 5 stars,4.1 out of 5 stars,4.3 out of 5 stars,4.4 out of 5 stars,4.5 out of 5 stars,4.4 out of 5 stars,4.4 out of 5 stars,4.5 out of 5 stars,4.5 out of 5 stars,4.9 out of 5 stars,4.6 out of 5 stars,4.2 out of 5 stars,4.7 out of 5 stars,4.8 out of 5 stars,4.7 out of 5 stars,4.3 out of 5 stars,4.6 out of 5 stars","219,280,285,0,199,87,.,55,181,195,197,140,329,260,281,1,451,.,139,0,170,215,146,219,489"
"Tales from Shakespeare,How to Win Friends and Influence People (Deluxe Hardbound Edition),Jumbo Colouring Book - Activity Colouring Book for 3 to 5 years old kids - Gift to children for painting, drawing and colouring with reference guide,My First Pop-Up Fairy Tales - Three Little Pigs : Pop up Books for children,Very First Sight Words Sentences Level 1,World's Greatest Leaders: Biographies of Inspirational Personalities For Kids,The Blue Umbrella,Baby Touch: Playbook,Ikigai: The Japanese secret to a long and happy life,Option Strategies Hindi Book (Call & Put) - Option Strategy Ki Pehchan,Art & Architecture - Ancient and Medieval Architecture : Knowledge Encyclopedia For Children,My Big Wipe And Clean Book of Pen Control for Kids : Line Tracing And Patterns,101 Brain Booster Activity Book: Fun Activity Book For Children,The Complete Book of Yoga : Karma Yoga, Bhakti Yoga, Raja Yoga, Jnana Yoga,Under the Ocean - Lift The Flap Book with Bright and Colourful Pictures- Early Learning Book for Children Age 3-6 Years,Business Book Ideas: How to Start a Part-Time Business from Scratch. YouTube Play to Get Paid & Supplement Selling.,Price Action Trading : Technical Analysis Simplified!,Rich Dad Poor Dad (Marathi),Brain Boosting Activity Book for Kids – 200+ Activities for Age 3+,GIKSO 100 Maths Puzzles Book - Brain Boosting Mathematical Activities for Age 7+ Years Old Kids | Game Book (English) - Reprinted 2022,I Am Invincible, Thirteen True Tales of Courage, Grit, & Survival,Meri Pratham Hindi Sulekh Boxset: Four Hindi Workbooks to Practice Words And Sentences (Shabd Gyan, Maatra Gyan, Sayukt Akshar Gyan, Vaakya Gyan)","Charles Lamb and Mary Lamb,Dale Carnegie,Maple Press,Wonder House Books,Dreamland Publications,Wonder House Books,Ruskin Bond,Ladybird,Héctor García, and ,Francesc Miralles,Ankit Gala, and ,Jitendra Gala,Wonder House Books,Wonder House Books,Wonder House Books,Swami Vivekananda,Dreamland Publications,Hunter Smith,Sunil Gurjar (Chartmojo),Robert T. Kiyosaki,Maple Press,GIKSO,Neelam Kumar,Wonder House Books","4.3 out of 5 stars,4.5 out of 5 stars,4.4 out of 5 stars,4.4 out of 5 stars,4.5 out of 5 stars,4.3 out of 5 stars,4.5 out of 5 stars,4.6 out of 5 stars,4.6 out of 5 stars,3.6 out of 5 stars,3.9 out of 5 stars,4.4 out of 5 stars,4.4 out of 5 stars,4.6 out of 5 stars,4.5 out of 5 stars,5.0 out of 5 stars,4.3 out of 5 stars,4.5 out of 5 stars,4.4 out of 5 stars,4.4 out of 5 stars,4.5 out of 5 stars,4.4 out of 5 stars","149,309,81,129,166,109,81,230,356,242,129,279,139,179,130,0,320,205,81,190,219,239"
"The Call of the Wild,Shesh Prashna (Hindi),Psychopathology of Everyday Life,The Answer Writing Manual for UPSC Civil Services & State PSC Examinations,Brain Games for Clever Kids: Puzzles to Exercise Your Mind (Buster Brain Games, 1),As a Man Thinketh,The Girl In The Red Lipstick,Majhi Atmakatha माझी आत्मकथा : डॉ. बाबासाहेब आंबेडकर, Mazi Atmakatha, Autobiography of Dr. Babasaheb Ambedkar, Biography Book in Marathi,Grandparents' Bag of Stories,DPISZONE Sank Magic Practice Copybook, (4 BOOK + 10 REFILL) Number Tracing Book for Preschoolers with Pen, Magic Calligraphy Copybook Set Practical Reusable Writing Tool Simple Hand Lettering,The Law of Success,Little Artist Copy Colouring Boxset: Pack of 8 Books (Birds, Sea Animals, Fruits, Vegetables, Dinosaurs, Cars and People Around Us): Set of 8 books ... Dinosaurs, Cars and People Around Us),Panchatantra Ki 101 Kahaniyan: Collection Of Witty Moral Stories For Kids For Personality Development In Hindi,MURDER ACROSS THE LINES a totally gripping crime thriller full of twists (Warwick & Bell Crime Mysteries Book 2),Yukti Publication Blue Book of General Knowledge GK Next by Indresh RC,Hadbe 35,000+ Jumbo Mega Police Bharti - THE SMART BOOK - 2022/ 9th Ed. - 100+ Videos, 200+ Test Ranks and 100+ Sarav Including,Blossom Moral Story Book for Kids 3 Years to 6 Years Old in English | 31 Fairy Tale Stories with Colourful Pictures | Best Bedtime Children Story Book | Short Stories for Infants, Toddlers | Book A,Story book: 365 Stories from the Vedas, the Upanishads and the Puranas for Children (with colourful illustrations) (365 series),Madhuras Recipe - Combo pack of 2 - शाळेचा डबा - मोठी सुट्टी +छोटी सुट्टी - Marathi Edition,Cursive Writing Books (Set of 5 Books) (Handwriting Practice Books) - Small Letters, Capital Letters, Joining Letters, Sentences, Words for Age 3-7: ... Letters, Joing Letters, Sentences, Words,How to Use The Laws of Mind,Top 50 World’s Greatest Short Stories, Speeches, Letters & Poems, COLLECTABLE EDITION (Box Set of 4 Books)","Jack London,Saratchandra Chattopadhyay,Sigmund Freud,Srushti Deshmukh Gowda IAS, and ,ABOUT THE AUTHOR : Srushti Deshmukh Gowda is an IAS officer of 2019 batch and is posted in the Madhya Pradesh Cadre.,Gareth Moore,James Allen,Ajay K Pandey,Babasaheb Ambedkar, and ,J. G. Sant,Sudha Murty,RAVIRANDAL,Napoleon Hill,Wonder House Books,Wonder House Books,JANICE FROST,Indresh RC,Siddheshwar Hadbe,, ,Nitin Satre,, et al.,Content Team at Target Publications,Dipavali Sen,Madhura Bachal,Maple Press,JOSEPH MURPHY,Various","4.4 out of 5 stars,4.2 out of 5 stars,4.3 out of 5 stars,4.7 out of 5 stars,4.3 out of 5 stars,4.4 out of 5 stars,4.5 out of 5 stars,4.6 out of 5 stars,4.7 out of 5 stars,4.4 out of 5 stars,4.5 out of 5 stars,4.5 out of 5 stars,4.6 out of 5 stars,4.2 out of 5 stars,4.4 out of 5 stars,4.4 out of 5 stars,4.6 out of 5 stars,4.0 out of 5 stars,4.5 out of 5 stars,4.6 out of 5 stars,4.5 out of 5 stars","129,149,159,345,178,69,99,.,143,190,298,196,339,292,0,599,435,80,465,398,264,222,519"
"Heidi for Kids : illustrated Abridged Children Classics English Novel with Review Questions,Beginning Programming with Java For Dummies, 5ed,Madhuras Recipe - Combo pack of 2 - शाळेचा डबा - मोठी सुट्टी +छोटी सुट्टी - Marathi Edition,Cursive Writing Books (Set of 5 Books) (Handwriting Practice Books) - Small Letters, Capital Letters, Joining Letters, Sentences, Words for Age 3-7: ... Letters, Joing Letters, Sentences, Words,In the Jungle - Lift The Flap Book with Bright and Colourful Pictures- Early Learning Book for Children Age 3-6 Years,Crying Baby Watching Hen: Unleash the infinite Potential of your mind. Train it. Tame it. Never ever suffer from any mental blocks.,Arithmetic Volume 1 Maths Book By Aditya Sir (Complete Class Notes),My First Pop-Up Fairy Tales - Goldilocks and The Three Bears : Pop up Books for children,My First Super Boxset of Pencil Control and Patterns : Pack of 4 interactive activity books to practice Patterns, Numbers and Alphabet: A set of 4 ... to practice Patterns, Numbers and Alphabet,101 Witty Stories Of Akbar and Birbal - Collection Of Humorous Stories For Kids,National Science Olympiad (NSO) Work Book for Class 6 - Quick Recap, MCQs, Previous Years Solved Paper and Achievers Section - Olympiad Books For 2022-2023 Exam,World’s Greatest Books On Public Speaking (Box Set of 2 Books),Lift the Flap - Vehicles : Early Learning Novelty Board Book For Children,The Food Book,SHNMN (4 BOOK + 1 PEN + 10 refill ) SANK MAGIC BOOK Number Math Drawing Alphabet Handwriting Magic Practice Reused, Calligraphy Copybook Set for Kids - 4 Pack,International English Olympiad (IEO) Work Book for Class 4 - MCQs, Previous Years Solved Paper and Achievers Section - Olympiad Books For 2022-2023 Exam,Black Holes: The Reith Lectures,Phonics Reader Book 4 for Children Age 3 -10 Years - Blends and Combination Sounds,Cursive Handwriting - Everyday Letters and Sentences : Level 2 Practice Workbooks For Children (Set of 2 Books),The Kaizen Edge: Strategic Principles To Develop Unbreakable Self-Discipline & Consistent Growth,101 Activity Book : Fun Activity Book For Children (Logical Reasoning And Brain Puzzles),The Greatest Novels of Mark Twain (Deluxe Hardbound Edition),Rehrās Sahib & Sohila: Way to God in Sikhism - Book 4,Be Your Own Sunshine","Johanna Spyri,Barry A. Burd,Madhura Bachal,Maple Press,Dreamland Publications,Aditya Patel,Wonder House Books,Wonder House Books,Wonder House Books,ANIL AHLAWAT,Dale Carnegie,Wonder House Books,Subah Saraf,SHNMN,ZARRIN ALI KHAN,Stephen Hawking,Dreamland Publications,Wonder House Books,Chaz  Moore,Wonder House Books,Mark Twain,Maneshwar S. Chahal","4.5 out of 5 stars,4.3 out of 5 stars,4.0 out of 5 stars,4.5 out of 5 stars,4.5 out of 5 stars,4.6 out of 5 stars,4.4 out of 5 stars,4.5 out of 5 stars,4.6 out of 5 stars,4.8 out of 5 stars,4.5 out of 5 stars,4.5 out of 5 stars,4.4 out of 5 stars,4.4 out of 5 stars,4.7 out of 5 stars,4.5 out of 5 stars,4.5 out of 5 stars,4.4 out of 5 stars,4.4 out of 5 stars,4.6 out of 5 stars,4.7 out of 5 stars","149,665,398,264,166,299,129,315,292,85,219,219,555,299,100,97,104,189,0,149,489,209"
"112 Meditations for Self Realization: Vigyan Bhairava Tantra,Launch Inspiring Educational Leadership,Death; An Inside Story: A book for all those who shall die by Sadguru: Spiritual Book that talks about life’s amazing secret, Motivational Book for transformation, Non-fiction, Penguin,TT-POWER (4 Books 1 Pen 1 Hand Grip 10 Refill) Magic calligraphy Practice Copy Self Deleting Text book Practice Hand Writing and Pen Using Skills Reusable Writing Text Book For Kids age 3+,My First ABC Sticker Book: Exciting Sticker Book With 100 Stickers,Apke Avchetan Man Ki Shakti (The Power of your Subconscious Mind in Hindi),Oliver Twist for Kids : illustrated Abridged Children Classics English Novel with Review Questions,Brain Boosting Activity Book Set (Set of 4 books) - Mazes, Dot to Dot, Spot the Difference and Matching - Fun Early Learning Activity Books for Kids - 3 Years to 6 Years Old Children - LKG,The Theory of Everything: The Origin and Fate of the Universe,Nurture Elementary English Learning Book for Kids | 5 to 7 Year Old Children | Reading Alphabets with Pictures | Practice Writing Two and Three Letter Words, Vowels, Consonants and Articles [Paperback] Content Team at Target Publications,Gulliver Travels for Kids : illustrated Abridged Children Classics English Novel with Review Questions,100 World’s Greatest Love Letters: Collectable Edition,Faire's Fair: A Billionaire Slow Burn Romance (The Fair Series Book 1),A COUNTRY CALLED CHILDHOOD: A Memoir,The Secret(Marathi),108 Bedtime Stories for Kids (Illustrated),The Room on the Roof: An award-winning novel by Ruskin Bond, first book in the famous Rusty series, a must-read illustrated classic,The Magic Drum and Other Favourite Stories: Sudha Murty’s collection of 30+ classic short stories and folk tales for children, ages 9-12,The Diary of a Young Girl,Brain Activity Book for Kids - 200+ Activities for Age 4+,The Carpenter: A Story About the Greatest Success Strategies of All (Jon Gordon),Words Of Wonder A to Z : Inspirational Art & Stories For The Young Minds","Ranjit Chaudhri,Ashok K Pandey,Sadhguru,ONS GLOBAL, and ,TT-POWER,Wonder House Books,Joseph Murphy,Charles Dickens,Maple Press,Stephen Hawking,Content Team at Target Publications,Jonathan Swift,Various,Grace Grahme,Deepti Naval,Rhonda Byrne,Maple Press,Ruskin Bond,Sudha Murty,Anne Frank,Maple Press,Jon Gordon, and ,Ken Blanchard,Amit Suri","4.5 out of 5 stars,5.0 out of 5 stars,4.7 out of 5 stars,4.9 out of 5 stars,4.4 out of 5 stars,4.4 out of 5 stars,4.6 out of 5 stars,3.7 out of 5 stars,4.6 out of 5 stars,4.4 out of 5 stars,4.4 out of 5 stars,4.2 out of 5 stars,4.3 out of 5 stars,5.0 out of 5 stars,4.6 out of 5 stars,4.6 out of 5 stars,4.6 out of 5 stars,4.7 out of 5 stars,4.6 out of 5 stars,4.5 out of 5 stars,4.8 out of 5 stars,4.3 out of 5 stars","184,350,195,299,139,99,149,109,153,95,149,189,0,779,285,108,160,206,94,81,1,552,349"
"Pinkfong Baby Shark - Wash Your Hands : Padded Story Books,Until Love Sets Us Apart (Hindi),International Mathematics Olympiad (IMO) Work Book for Class 4 - MCQs, Previous Years Solved Paper and Achievers Section - Olympiad Books For 2022-2023 Exam,Meri Pratham Hindi Sulekh Varnmala,My First Complete Learning Library: Boxset of 20 Board Books Gift Set for Kids (Horizontal Design),KathaKids Mythology Story Books for 2 to 8 year old Kids | 96 pages | 19 stories | Collection of 3 Comics for Children | Ganesha, Shiva and Vishnu stories in English,The Psychology of Money - Paishache Manasshastra (Marathi),Atomic Habits: The life-changing million copy bestseller,Word Search: First Fun Activity Books for Kids,Jolly Kids My First Book of Phonics Words Key to Letter Sound Relationship| Learning the Letter Sounds| Blending| Word Formatting| Sight Words| Phonic Activity Book for Kindergarten Ages 3-7 Years,The Hunchback of Notre-Dame,Satyayoddha Kalki, Brahma Ka Netra (Book 2), HINDI translation of the bestseller Satyayoddha Kalki: Eye of Brahma,The Kaizen Edge: Strategic Principles To Develop Unbreakable Self-Discipline & Consistent Growth,UGC NET /SET/JRF Paper 1 Teaching and Research Aptitude - 2019- 2021 fully solved papers including Oct- Dec 2021 | Includes National Education Policy 2020| Sixth Edition| By Pearson,National Science Olympiad (NSO) Work Book for Class 4 - Quick Recap, MCQs, Previous Years Solved Paper and Achievers Section - Olympiad Books For 2022-2023 Exam,51 Sight Words And Sentence (With 200+ Sentences To Read): Activity Book For Children,International Mathematics Olympiad (IMO) Work Book for Class 3 - MCQs, Previous Years Solved Paper and Achievers Section - Olympiad Books For 2022-2023 Exam,Cursive Handwriting - Small Letters: Practice Workbook For Children,ponniyin selvan,Word Search - Brain Games: Classic Word Puzzles For Everyone,Safalta Ke Sutra (Hindi translation of the bestseller Tools for Success),Slide And See - Meet The Dinos : Sliding Novelty Board Book For Kids","Wonder House Books,Dr. Aditya R. Nighhot,MAHABIR SINGH,Wonder House Books,Wonder House Books,KathaKids,Morgan Housel, and ,Jayant Kulkarni,James Clear,Wonder House Books,Jolly Kids,Victor Hugo Translated by Isabel F. Hapgood,Kevin Missal,Chaz  Moore,KVS Madaan,ANIL AHLAWAT,Wonder House Books,MAHABIR SINGH,Wonder House Books,Kalki,Wonder House Books,William Walker Atkinson,Wonder House Books","4.7 out of 5 stars,4.2 out of 5 stars,4.6 out of 5 stars,4.4 out of 5 stars,4.6 out of 5 stars,4.4 out of 5 stars,4.6 out of 5 stars,4.7 out of 5 stars,4.4 out of 5 stars,4.6 out of 5 stars,4.6 out of 5 stars,4.1 out of 5 stars,4.4 out of 5 stars,4.8 out of 5 stars,4.7 out of 5 stars,4.5 out of 5 stars,4.3 out of 5 stars,4.6 out of 5 stars,4.6 out of 5 stars,3.5 out of 5 stars","219,149,88,.,129,749,156,210,500,79,280,.,219,219,0,314,100,129,85,109,419,99,129,229"
"Mind Master: 'Winning Lessons from a Champion's Life *With a bonus chapter on how to navigate in uncertain times,The Black Tiger,My First Adventures Sticker Book,International Mathematics Olympiad (IMO) Work Book for Class 6 - MCQs, Previous Years Solved Paper and Achievers Section - Olympiad Books For 2022-2023 Exam,Until Love Sets Us Apart: To Love with Love,Metamorphosis,Great Stories for Children,Activity Book for Kids - Maths for Age 6+,Everyday Ayurveda: Daily Habits That Can Change Your Life. A book on Mental & Spiritual Healing. A guide to maximize health, longevity, & happiness naturally (Non-fiction, Penguin Books),The contest problem book 1 by Charles T. Salkind,Man-eaters of Kumaon,Lost Libido And Other Gulp Fiction,The Girl Who Drank the Moon,My First Numbers Sticker Book: Exciting Sticker Book With 100 Stickers,The Official Cambridge Guide To Ielts Student's Book With Answers With Dvd Rom,Werewolf on the Hunt (Lesbian Paranormal Romance Book 5),International General Knowledge Olympiad (IGKO) Work Book for Class 5 - MCQs & Achievers Section - General Knowledge Books For 2022-2023 Exam,The Hidden Hindu,Ambedkar's India,Sampurna Garbhasanskar : Garbhasanskar Book in Marathi,The Greatest Works of George Orwell,My First 100 Animals and Birds: Padded Board Books","Viswanathan Anand, and ,Susan Ninan,Srijan Pal Singh,Wonder House Books,MAHABIR SINGH,Aditya Nighhot,Franz Kafka, and ,David Wyllie,Ruskin Bond,Maple Press,Dr Bhaswati Bhattacharya,Charles T. Salkind,Jim Corbett,Salil Desai,Kelly Barnhill,Wonder House Books,Pauline Cullen,Julie Law,RAGHAV SINGH,Akshat Gupta,B.R.Ambedkar,Shalaka Hampras, and ,Pratibha Hamras,George Orwell,Wonder House Books","4.6 out of 5 stars,4.5 out of 5 stars,4.3 out of 5 stars,4.8 out of 5 stars,4.4 out of 5 stars,4.5 out of 5 stars,4.5 out of 5 stars,4.7 out of 5 stars,4.3 out of 5 stars,4.7 out of 5 stars,4.6 out of 5 stars,3.8 out of 5 stars,4.5 out of 5 stars,4.5 out of 5 stars,4.4 out of 5 stars,4.2 out of 5 stars,4.5 out of 5 stars,4.4 out of 5 stars,4.6 out of 5 stars,4.2 out of 5 stars,4.7 out of 5 stars,4.4 out of 5 stars","429,189,169,85,119,79,160,81,233,58,149,129,291,179,561,0,100,191,87,.,145,219,189"
"Marketing Research : An Applied Orientation | Seventh Edition | By Pearson,Tales from Indian Mythology (Collection of 10 Books): Story Books For Kids,Technical Analysis Aur Candlestick Ki Pehchan - Guide To Technical Analysis & Candlesticks Hindi,Phonics Activity Book for Kids for Age 3+ - Alphabet Sounds,Eat That Frog!: 21 Great Ways to Stop Procrastinating and Get More Done in Less Time,HIGH ON LIFE: Are you Depressed, Stressed ,Anxious, Nervous, Panicky, Unhappy? A Personal Account of how I beat Depression of 7 years. (Mind Mental Health Meditation Depression Happiness Book 1),Rays Of Ink Motivational Quote Coloring Book for Adults | Ideal For Stress Relieving, Relaxing & Meditation | 120 GSM Thick Paper (ROI - 001),International General Knowledge Olympiad (IGKO) Work Book for Class 7 - MCQs & Achievers Section - General Knowledge Books For 2022-2023 Exam,Activity Book - Maths,Learn 300+ Words through Stories (Everything for CAT VARC Book 2),The Secret Garden,The Illustrated Jataka Tales: Classic Tales from India,The Murder of Sonia Raikkonen: An Inspector Saralkar Mystery,The Almanack Of Naval Ravikant: A Guide to Wealth and Happiness,The Mother I Never Knew: Two Novellas,Human Psychology: Learners Mindset,CARDEX Magic Practice Copy Books Set of 4 Magic Writing & Drawing Books Kit Calligraphy Books for kids Alphabets for Kids Learning Handwriting Practice Copybook for Kids With Pen set for Preschooler,My Big Book of Creative Crayons,Handle Pandle,International Mathematics Olympiad (IMO) Work Book for Class 5 - MCQs, Previous Years Solved Paper and Achievers Section - Olympiad Books For 2022-2023 Exam,Fluency Sentences Book 3 for Children Age 4 -8 Years,How to Stop Worrying and Start Living,The Count of Monte Cristo for Kids : illustrated Abridged Children Classics English Novel with Review Questions,Freedom from the monkey mind","Naresh K. Malhotra and Satyabhusan Das,Ravi Patel,Maple Press,Brian Tracy,Rays Of Ink,RAGHAV SINGH,Maple Press,Bhagyashree Ghosh,Frances Hodgson Burnett,Wonder House Books,Salil Desai,Eric Jorgenson,Sudha Murty,Dr. Mukta Goyal,CARDEX,Wonder House Books,Miteshwar Anand, and ,Suresh Lal,MAHABIR SINGH,Dreamland Publications,DALE CARNEGIE,Alexandre Dumas","4.5 out of 5 stars,3.5 out of 5 stars,3.8 out of 5 stars,4.2 out of 5 stars,4.6 out of 5 stars,4.5 out of 5 stars,5.0 out of 5 stars,4.4 out of 5 stars,4.7 out of 5 stars,4.4 out of 5 stars,4.5 out of 5 stars,4.3 out of 5 stars,4.7 out of 5 stars,4.6 out of 5 stars,4.2 out of 5 stars,4.7 out of 5 stars,4.5 out of 5 stars,5.0 out of 5 stars,4.1 out of 5 stars,4.2 out of 5 stars,4.4 out of 5 stars,4.0 out of 5 stars","750,499,240,68,230,199,100,81,0,139,189,189,231,220,139,299,169,180,85,130,149,149"
